Workbook

Sheet Instructions
A1: Team Monitoring Sheet
A2: Centralized Student Portal and Automated Clearance System | Pamantasan ng Cabuyao | BS Computer Science
A4: How to use this workbook
A5: 1. Team | B5: Check the names and roles on the Team sheet. The lists on the other sheets read from it.
A6: 2. Task Tracker | B6: One row per task or deliverable. Pick the member and the status from the lists, enter the hours spent, and add the link to the pull request, issue or file. Update the status as work moves.
A7: 3. Weekly Progress | B7: At the end of each week or sprint, each member writes what was planned, what was completed, the hours, blockers and next steps.
A8: 4. Meeting Log | B8: Record each team meeting, the decisions and the action items with an owner and a due date.
A9: 5. Peer Evaluation | B9: Each member rates every teammate from 1 to 5 on the six criteria. The average per row is calculated. Ratings are given at the end of the project (or each sprint).
A10: 6. Summary | B10: Calculated automatically: tasks done, hours, average peer score and share of the work per member. Do not type in the grey cells.
A12: Rating scale (Peer Evaluation) | B12: 5 = Excellent 4 = Good 3 = Satisfactory 2 = Needs improvement 1 = Poor
A13: Status values | B13: Not started, In progress, Done, Blocked
A14: Tip | B14: Use the filter arrows in the header row to see the tasks of one member or one sprint.

Sheet Team
A1: Team
A2: Names feed the drop-down lists on the other sheets.
A4: # | B4: Member | C4: Role | D4: Student number | E4: Email | F4: Main responsibility
A5: 1 | B5: Abarquez, Justinbril | C5: Project Manager / Systems Analyst | F5: Backlog, sprint plan, system models, SDLC and test plan, documentation, releases
A6: 2 | B6: Cruzante, Aaron | C6: Backend / Database Developer | F6: Database, RLS policies, triggers, authentication, security
A7: 3 | B7: Canayong, Ron | C7: Backend / Database Developer | F7: Database, RLS policies, triggers, authentication, security
A8: 4 | B8: Esgana, Justine | C8: Frontend Developer | F8: UI/UX wireframes and module screens
A9: 5 | B9: Espedilon, Arvien | C9: Frontend Developer | F9: UI/UX wireframes and module screens
A10: 6 | B10: Dominado, Byrone | C10: Frontend Developer | F10: UI/UX wireframes and module screens

Sheet Task Tracker
A1: Task Tracker
A2: One row per task. The first three rows are examples; replace or delete them.
A4: Task ID | B4: Sprint | C4: Task / deliverable | D4: Assigned to | E4: Priority | F4: Status | G4: Start date | H4: Due date | I4: Date done | J4: Hours spent | K4: Link (PR, issue, file) | L4: Remarks
A5: T-001 | B5: S1 | C5: Example: ERD and 3NF schema | D5: Cruzante, Aaron | E5: High | F5: Done | G5: 2026-10-01 | H5: 2026-10-02 | I5: 2026-10-02 | J5: 12 | K5: issue # | L5: Example row
A6: T-002 | B6: S1 | C6: Example: wireframes of the Student screens | D6: Esgana, Justine | E6: Medium | F6: Done | G6: 2026-10-01 | H6: 2026-10-02 | I6: 2026-10-02 | J6: 8 | K6: Figma link | L6: Example row
A7: T-003 | B7: S2 | C7: Example: login and role routing | D7: Canayong, Ron | E7: High | F7: In progress | G7: 2026-10-05 | H7: 2026-10-08 | J7: 6 | K7: PR # | L7: Example row

Sheet Weekly Progress
A1: Weekly Progress Report
A2: Each member fills one row per week or sprint.
A4: Week / Sprint | B4: Member | C4: Planned tasks | D4: Completed tasks | E4: % done | F4: Hours | G4: Issues / blockers | H4: Next steps

Sheet Meeting Log
A1: Meeting Log
A2: Date, who came, what was decided, and who does what by when.
A4: Date | B4: Type | C4: Attendees | D4: Agenda | E4: Decisions | F4: Action items | G4: Owner | H4: Due date

Sheet Peer Evaluation
A1: Peer Evaluation
A2: Rate every teammate from 1 (poor) to 5 (excellent). Do not rate yourself. Averages are calculated.
A4: Evaluator | B4: Evaluated member | C4: Contribution (amount of work) | D4: Quality of work | E4: Reliability (meets deadlines) | F4: Communication | G4: Teamwork and respect | H4: Initiative / problem solving | I4: Average | J4: Comments
A5: Abarquez, Justinbril | B5: Cruzante, Aaron | I5: =IF(COUNT(C5:H5)=0,"",ROUND(AVERAGE(C5:H5),2))
A6: Abarquez, Justinbril | B6: Canayong, Ron | I6: =IF(COUNT(C6:H6)=0,"",ROUND(AVERAGE(C6:H6),2))
A7: Abarquez, Justinbril | B7: Esgana, Justine | I7: =IF(COUNT(C7:H7)=0,"",ROUND(AVERAGE(C7:H7),2))
A8: Abarquez, Justinbril | B8: Espedilon, Arvien | I8: =IF(COUNT(C8:H8)=0,"",ROUND(AVERAGE(C8:H8),2))
A9: Abarquez, Justinbril | B9: Dominado, Byrone | I9: =IF(COUNT(C9:H9)=0,"",ROUND(AVERAGE(C9:H9),2))
A10: Cruzante, Aaron | B10: Abarquez, Justinbril | I10: =IF(COUNT(C10:H10)=0,"",ROUND(AVERAGE(C10:H10),2))
A11: Cruzante, Aaron | B11: Canayong, Ron | I11: =IF(COUNT(C11:H11)=0,"",ROUND(AVERAGE(C11:H11),2))
A12: Cruzante, Aaron | B12: Esgana, Justine | I12: =IF(COUNT(C12:H12)=0,"",ROUND(AVERAGE(C12:H12),2))
A13: Cruzante, Aaron | B13: Espedilon, Arvien | I13: =IF(COUNT(C13:H13)=0,"",ROUND(AVERAGE(C13:H13),2))
A14: Cruzante, Aaron | B14: Dominado, Byrone | I14: =IF(COUNT(C14:H14)=0,"",ROUND(AVERAGE(C14:H14),2))
A15: Canayong, Ron | B15: Abarquez, Justinbril | I15: =IF(COUNT(C15:H15)=0,"",ROUND(AVERAGE(C15:H15),2))
A16: Canayong, Ron | B16: Cruzante, Aaron | I16: =IF(COUNT(C16:H16)=0,"",ROUND(AVERAGE(C16:H16),2))
... A34: Dominado, Byrone | B34: Espedilon, Arvien | I34: =IF(COUNT(C34:H34)=0,"",ROUND(AVERAGE(C34:H34),2))

Sheet Summary
A1: Summary per member
A2: Calculated from the other sheets. Do not type in the grey cells.
A4: Member | B4: Role | C4: Tasks assigned | D4: Tasks done | E4: % done | F4: Hours (tasks) | G4: Share of total hours | H4: Average peer score (1 to 5) | I4: Remark
A5: =Team!B5 | B5: =Team!C5 | C5: =COUNTIF('Task Tracker'!$D$5:$D$54,A5) | D5: =COUNTIFS('Task Tracker'!$D$5:$D$54,A5,'Task Tracker'!$F$5:$F$54,"Done") | E5: =IF(C5=0,"",D5/C5) | F5: =SUMIF('Task Tracker'!$D$5:$D$54,A5,'Task Tracker'!$J$5:$J$54) | G5: =IF(SUM($F$5:$F$10)=0,"",F5/SUM($F$5:$F$10)) | H5: =IFERROR(ROUND(AVERAGEIF('Peer Evaluation'!$B$5:$B$34,A5,'Peer Evaluation'!$I$5:$I$34),2),"")
A6: =Team!B6 | B6: =Team!C6 | C6: =COUNTIF('Task Tracker'!$D$5:$D$54,A6) | D6: =COUNTIFS('Task Tracker'!$D$5:$D$54,A6,'Task Tracker'!$F$5:$F$54,"Done") | E6: =IF(C6=0,"",D6/C6) | F6: =SUMIF('Task Tracker'!$D$5:$D$54,A6,'Task Tracker'!$J$5:$J$54) | G6: =IF(SUM($F$5:$F$10)=0,"",F6/SUM($F$5:$F$10)) | H6: =IFERROR(ROUND(AVERAGEIF('Peer Evaluation'!$B$5:$B$34,A6,'Peer Evaluation'!$I$5:$I$34),2),"")
A7: =Team!B7 | B7: =Team!C7 | C7: =COUNTIF('Task Tracker'!$D$5:$D$54,A7) | D7: =COUNTIFS('Task Tracker'!$D$5:$D$54,A7,'Task Tracker'!$F$5:$F$54,"Done") | E7: =IF(C7=0,"",D7/C7) | F7: =SUMIF('Task Tracker'!$D$5:$D$54,A7,'Task Tracker'!$J$5:$J$54) | G7: =IF(SUM($F$5:$F$10)=0,"",F7/SUM($F$5:$F$10)) | H7: =IFERROR(ROUND(AVERAGEIF('Peer Evaluation'!$B$5:$B$34,A7,'Peer Evaluation'!$I$5:$I$34),2),"")
A8: =Team!B8 | B8: =Team!C8 | C8: =COUNTIF('Task Tracker'!$D$5:$D$54,A8) | D8: =COUNTIFS('Task Tracker'!$D$5:$D$54,A8,'Task Tracker'!$F$5:$F$54,"Done") | E8: =IF(C8=0,"",D8/C8) | F8: =SUMIF('Task Tracker'!$D$5:$D$54,A8,'Task Tracker'!$J$5:$J$54) | G8: =IF(SUM($F$5:$F$10)=0,"",F8/SUM($F$5:$F$10)) | H8: =IFERROR(ROUND(AVERAGEIF('Peer Evaluation'!$B$5:$B$34,A8,'Peer Evaluation'!$I$5:$I$34),2),"")
A9: =Team!B9 | B9: =Team!C9 | C9: =COUNTIF('Task Tracker'!$D$5:$D$54,A9) | D9: =COUNTIFS('Task Tracker'!$D$5:$D$54,A9,'Task Tracker'!$F$5:$F$54,"Done") | E9: =IF(C9=0,"",D9/C9) | F9: =SUMIF('Task Tracker'!$D$5:$D$54,A9,'Task Tracker'!$J$5:$J$54) | G9: =IF(SUM($F$5:$F$10)=0,"",F9/SUM($F$5:$F$10)) | H9: =IFERROR(ROUND(AVERAGEIF('Peer Evaluation'!$B$5:$B$34,A9,'Peer Evaluation'!$I$5:$I$34),2),"")
A10: =Team!B10 | B10: =Team!C10 | C10: =COUNTIF('Task Tracker'!$D$5:$D$54,A10) | D10: =COUNTIFS('Task Tracker'!$D$5:$D$54,A10,'Task Tracker'!$F$5:$F$54,"Done") | E10: =IF(C10=0,"",D10/C10) | F10: =SUMIF('Task Tracker'!$D$5:$D$54,A10,'Task Tracker'!$J$5:$J$54) | G10: =IF(SUM($F$5:$F$10)=0,"",F10/SUM($F$5:$F$10)) | H10: =IFERROR(ROUND(AVERAGEIF('Peer Evaluation'!$B$5:$B$34,A10,'Peer Evaluation'!$I$5:$I$34),2),"")
A11: Total | C11: =SUM(C5:C10) | D11: =SUM(D5:D10) | E11: =IF(C11=0,"",D11/C11) | F11: =SUM(F5:F10)
